Rank,Title,Lifetime Gross,Max Theaters,Opening,Open Th,Release Date,Distributor
1,Avengers: Endgame,"$858,373,000","4,662","$357,115,007","4,662","Apr 26, 2019",Walt Disney Studios Motion Pictures
2,Spider-Man: No Way Home,"$804,793,477","4,336","$260,138,569","4,336","Dec 17, 2021",Sony Pictures Releasing
3,Black Panther,"$700,059,566","4,084","$202,003,951","4,020","Feb 16, 2018",Walt Disney Studios Motion Pictures
4,Avengers: Infinity War,"$678,815,482","4,474","$257,698,183","4,474","Apr 27, 2018",Walt Disney Studios Motion Pictures
5,The Avengers,"$623,357,910","4,349","$207,438,708","4,349","May 4, 2012",Walt Disney Studios Motion Pictures
6,Incredibles 2,"$608,581,744","4,410","$182,687,905","4,410","Jun 15, 2018",Walt Disney Studios Motion Pictures
7,The Dark Knight,"$533,345,358","4,366","$158,411,483","4,366","Jul 18, 2008",Warner Bros.
8,Avengers: Age of Ultron,"$459,005,868","4,276","$191,271,109","4,276","May 1, 2015",Walt Disney Studios Motion Pictures
9,Black Panther: Wakanda Forever,"$453,829,060","4,396","$181,339,761","4,396","Nov 11, 2022",Walt Disney Studios Motion Pictures
10,The Dark Knight Rises,"$448,139,099","4,404","$160,887,295","4,404","Jul 20, 2012",Warner Bros.
11,Captain Marvel,"$426,829,839","4,310","$153,433,423","4,310","Mar 8, 2019",Walt Disney Studios Motion Pictures
12,Wonder Woman,"$412,563,408","4,165","$103,251,471","4,165","Jun 2, 2017",Warner Bros.
13,Doctor Strange in the Multiverse of Madness,"$411,331,607","4,534","$187,420,998","4,534","May 6, 2022",Walt Disney Studios Motion Pictures
14,Iron Man 3,"$409,013,994","4,253","$174,144,585","4,253","May 3, 2013",Walt Disney Studios Motion Pictures
15,Captain America: Civil War,"$408,084,349","4,226","$179,139,142","4,226","May 6, 2016",Walt Disney Studios Motion Pictures
16,Spider-Man,"$403,706,375","3,876","$114,844,116","3,615","May 3, 2002",Sony Pictures Releasing
17,Spider-Man: Far from Home,"$390,532,085","4,634","$92,579,212","4,634","Jul 2, 2019",Sony Pictures Releasing
18,Guardians of the Galaxy Vol. 2,"$389,813,101","4,347","$146,510,104","4,347","May 5, 2017",Walt Disney Studios Motion Pictures
19,Spider-Man 2,"$373,585,825","4,166","$88,156,227","4,152","Jun 30, 2004",Sony Pictures Releasing
20,The Batman,"$369,345,583","4,417","$134,008,624","4,417","Mar 4, 2022",Warner Bros.
21,Deadpool,"$363,070,709","3,856","$132,434,639","3,558","Feb 12, 2016",Twentieth Century Fox
22,Thor: Love and Thunder,"$343,256,830","4,375","$144,165,107","4,375","Jul 8, 2022",Walt Disney Studios Motion Pictures
23,Spider-Man 3,"$336,530,303","4,324","$151,116,516","4,252","May 4, 2007",Sony Pictures Releasing
24,Aquaman,"$335,061,807","4,184","$67,873,522","4,125","Dec 21, 2018",Warner Bros.
25,Spider-Man: Homecoming,"$334,201,140","4,348","$117,027,503","4,348","Jul 7, 2017",Sony Pictures Releasing
26,Guardians of the Galaxy,"$333,176,600","4,088","$94,320,883","4,080","Aug 1, 2014",Walt Disney Studios Motion Pictures
27,Batman v Superman: Dawn of Justice,"$330,360,194","4,256","$166,007,347","4,242","Mar 25, 2016",Warner Bros.
28,Suicide Squad,"$325,100,054","4,255","$133,682,248","4,255","Aug 5, 2016",Warner Bros.
29,Iron Man,"$318,604,126","4,154","$98,618,668","4,105","May 2, 2008",Paramount Pictures
30,Deadpool 2,"$318,491,426","4,349","$125,507,153","4,349","May 18, 2018",Twentieth Century Fox
31,Thor: Ragnarok,"$315,058,289","4,080","$122,744,989","4,080","Nov 3, 2017",Walt Disney Studios Motion Pictures
32,Iron Man 2,"$312,433,331","4,390","$128,122,480","4,380","May 7, 2010",Paramount Pictures
33,Man of Steel,"$291,045,518","4,207","$116,619,362","4,207","Jun 14, 2013",Warner Bros.
34,The Amazing Spider-Man,"$262,030,663","4,318","$62,004,688","4,318","Jul 3, 2012",Sony Pictures Releasing
35,The Incredibles,"$261,441,092","3,933","$70,467,623","3,933","Nov 5, 2004",Walt Disney Studios Motion Pictures
36,Captain America: The Winter Soldier,"$259,766,572","3,938","$95,023,721","3,938","Apr 4, 2014",Walt Disney Studios Motion Pictures
37,Batman,"$251,188,924","2,201","$40,489,746","2,194","Jun 23, 1989",Warner Bros.
38,X-Men: The Last Stand,"$234,362,462","3,714","$102,750,665","3,690","May 26, 2006",Twentieth Century Fox
39,X-Men: Days of Future Past,"$233,921,534","4,001","$90,823,660","3,996","May 23, 2014",Twentieth Century Fox
40,Doctor Strange,"$232,641,920","3,882","$85,058,311","3,882","Nov 4, 2016",Walt Disney Studios Motion Pictures
41,Justice League,"$229,024,295","4,051","$93,842,239","4,051","Nov 17, 2017",Warner Bros.
42,Hancock,"$227,946,274","3,965","$62,603,879","3,965","Jul 2, 2008",Sony Pictures Releasing
43,Logan,"$226,277,068","4,071","$88,411,916","4,071","Mar 3, 2017",Twentieth Century Fox
44,Shang-Chi and the Legend of the Ten Rings,"$224,543,292","4,300","$75,388,688","4,300","Sep 3, 2021",Walt Disney Studios Motion Pictures
45,Big Hero 6,"$222,527,828","3,773","$56,215,889","3,761","Nov 7, 2014",Walt Disney Studios Motion Pictures
46,Ant-Man and the Wasp,"$216,648,740","4,206","$75,812,205","4,206","Jul 6, 2018",Walt Disney Studios Motion Pictures
47,X2: X-Men United,"$214,949,694","3,749","$85,558,731","3,741","May 2, 2003",Twentieth Century Fox
48,Venom: Let There Be Carnage,"$213,550,366","4,225","$90,033,210","4,225","Oct 1, 2021",Sony Pictures Releasing
49,Venom,"$213,515,506","4,250","$80,255,756","4,250","Oct 5, 2018",Sony Pictures Releasing
50,Thor: The Dark World,"$206,362,140","3,841","$85,737,841","3,841","Nov 8, 2013",Walt Disney Studios Motion Pictures
51,Batman Begins,"$205,343,774","3,858","$48,745,440","3,858","Jun 15, 2005",Warner Bros.
52,The Amazing Spider-Man 2,"$202,853,933","4,324","$91,608,337","4,324","May 2, 2014",Sony Pictures Releasing
53,Superman Returns,"$200,081,192","4,065","$52,535,096","4,065","Jun 28, 2006",Warner Bros.
54,Teenage Mutant Ninja Turtles,"$191,204,754","3,980","$65,575,105","3,845","Aug 8, 2014",Paramount Pictures
55,Spider-Man: Into the Spider-Verse,"$190,241,310","3,813","$35,363,376","3,813","Dec 14, 2018",Sony Pictures Releasing
56,Batman Forever,"$184,031,112","2,893","$52,784,433","2,842","Jun 16, 1995",Warner Bros.
57,Black Widow,"$183,651,655","4,275","$80,366,312","4,160","Jul 9, 2021",Walt Disney Studios Motion Pictures
58,Thor,"$181,030,624","3,963","$65,723,338","3,955","May 6, 2011",Paramount Pictures
59,Ant-Man,"$180,202,163","3,868","$57,225,526","3,856","Jul 17, 2015",Walt Disney Studios Motion Pictures
60,X-Men Origins: Wolverine,"$179,883,157","4,102","$85,058,003","4,099","May 1, 2009",Twentieth Century Fox
61,Captain America: The First Avenger,"$176,654,505","3,715","$65,058,524","3,715","Jul 22, 2011",Paramount Pictures
62,The Lego Batman Movie,"$175,750,384","4,088","$53,003,468","4,088","Feb 10, 2017",Warner Bros.
63,Black Adam,"$168,152,111","4,402","$67,004,323","4,402","Oct 21, 2022",Warner Bros.
64,Eternals,"$164,870,234","4,090","$71,297,219","4,090","Nov 5, 2021",Walt Disney Studios Motion Pictures
65,Batman Returns,"$162,831,698","2,644","$45,687,711","2,644","Jun 19, 1992",Warner Bros.
66,X-Men,"$157,299,718","3,112","$54,471,475","3,025","Jul 14, 2000",Twentieth Century Fox
67,X-Men: Apocalypse,"$155,442,489","4,153","$65,769,562","4,150","May 27, 2016",Twentieth Century Fox
68,Fantastic Four,"$154,696,080","3,619","$56,061,504","3,602","Jul 8, 2005",Twentieth Century Fox
69,Megamind,"$148,415,853","3,949","$46,016,833","3,944","Nov 5, 2010",DreamWorks
70,X-Men: First Class,"$146,408,305","3,692","$55,101,604","3,641","Jun 3, 2011",Twentieth Century Fox
71,Shazam!,"$140,371,656","4,306","$53,505,326","4,217","Apr 5, 2019",Warner Bros.
72,Teenage Mutant Ninja Turtles,"$135,265,915","2,377","$25,398,367","2,006","Mar 30, 1990",New Line Cinema
73,The Incredible Hulk,"$134,806,913","3,508","$55,414,050","3,505","Jun 13, 2008",Universal Pictures
74,Wanted,"$134,508,551","3,185","$50,927,085","3,175","Jun 27, 2008",Universal Pictures
75,Superman,"$134,218,018",817,"$7,465,343",508,"Dec 15, 1978",Warner Bros.
76,The Wolverine,"$132,556,852","3,924","$53,113,752","3,924","Jul 26, 2013",Twentieth Century Fox
77,Hulk,"$132,177,234","3,674","$62,128,420","3,660","Jun 20, 2003",Universal Pictures
78,Fantastic Four: Rise of the Silver Surfer,"$131,921,738","3,963","$58,051,684","3,959","Jun 15, 2007",Twentieth Century Fox
79,Aquaman and the Lost Kingdom,"$124,481,226","3,787","$27,686,211","3,706","Dec 22, 2023",Warner Bros.
80,Green Lantern,"$116,601,172","3,816","$53,174,303","3,816","Jun 17, 2011",Warner Bros.
81,Ghost Rider,"$115,802,596","3,620","$45,388,836","3,619","Feb 16, 2007",Sony Pictures Releasing
82,Superman II,"$108,185,706","1,878","$14,100,523","1,397","Jun 19, 1981",Warner Bros.
83,Watchmen,"$107,509,799","3,611","$55,214,334","3,611","Mar 6, 2009",Warner Bros.
84,Batman & Robin,"$107,325,195","2,942","$42,872,605","2,934","Jun 20, 1997",Warner Bros.
85,Daredevil,"$102,543,518","3,474","$40,310,419","3,471","Feb 14, 2003",Twentieth Century Fox
86,The Green Hornet,"$98,780,042","3,584","$33,526,876","3,584","Jan 14, 2011",Sony Pictures Releasing
87,Unbreakable,"$95,011,339","2,708","$30,330,771","2,708","Nov 22, 2000",Walt Disney Studios Motion Pictures
88,The Mask of Zorro,"$94,095,523","2,515","$22,525,855","2,515","Jul 17, 1998",Sony Pictures Releasing
89,Power Rangers,"$85,364,450","3,693","$40,300,288","3,693","Mar 24, 2017",Lionsgate
90,Birds of Prey and the Fantabulous Emancipation of One Harley Quinn,"$84,158,461","4,236","$33,010,017","4,236","Feb 7, 2020",Warner Bros.
91,Blade II,"$82,348,319","2,707","$32,528,016","2,707","Mar 22, 2002",New Line Cinema
92,Teenage Mutant Ninja Turtles: Out of the Shadows,"$82,051,601","4,071","$35,316,382","4,071","Jun 3, 2016",Paramount Pictures
93,Teenage Mutant Ninja Turtles II: The Secret of the Ooze,"$78,656,813","2,868","$20,030,473","2,868","Mar 22, 1991",New Line Cinema
94,Hellboy II: The Golden Army,"$75,986,503","3,212","$34,539,115","3,204","Jul 11, 2008",Universal Pictures
95,Blue Beetle,"$72,488,072","3,871","$25,030,225","3,871","Aug 18, 2023",Warner Bros.
96,Blade,"$70,087,718","2,389","$17,073,856","2,322","Aug 21, 1998",New Line Cinema
97,X-Men: Dark Phoenix,"$65,845,974","3,721","$32,828,348","3,721","Jun 7, 2019",Twentieth Century Fox
98,Chronicle,"$64,575,175","2,908","$22,004,098","2,907","Feb 3, 2012",Twentieth Century Fox
99,Sky High,"$63,946,815","2,912","$14,631,784","2,905","Jul 29, 2005",Walt Disney Studios Motion Pictures
100,Superman III,"$59,950,623","1,763","$13,352,357","1,759","Jun 17, 1983",Warner Bros.